日期,星期,分店,產品名稱,氣溫_攝氏,濕度_百分比,是否落雨,是否考試週,是否公眾假期,是否有優惠,優惠類型,售價_港幣,原材料成本_港幣,銷量,外賣訂單數,堂食訂單數,顧客評分,候客時間_分鐘,員工數目,廣告費用_港幣,新顧客比例_百分比,庫存補充量
2025-09-01,週一,校門口,珍珠奶茶,31.5,77,否,否,否,否,無,32,12,51,12,39,4.4,5,2,50,20,100
2025-09-01,週一,校門口,芝士奶蓋,31.5,77,否,否,否,否,無,45,18,27,5,22,4.4,5,2,50,17,100
2025-09-01,週一,校門口,燒仙草,31.5,77,否,否,否,否,無,38,14,21,5,16,4.4,5,2,50,22,100
2025-09-01,週一,校門口,手工梳打,31.5,77,否,否,否,否,無,28,10,19,4,15,4.4,5,2,50,21,60
2025-09-01,週一,校門口,純茶,31.5,77,否,否,否,否,無,22,8,7,1,6,4.4,5,2,50,19,80
2025-09-01,週一,圖書館旁,珍珠奶茶,31.5,77,否,否,否,否,無,32,12,32,6,26,4.8,3,2,50,16,80
2025-09-01,週一,圖書館旁,芝士奶蓋,31.5,77,否,否,否,否,無,45,18,18,5,13,4.8,3,2,50,22,100
2025-09-01,週一,圖書館旁,燒仙草,31.5,77,否,否,否,否,無,38,14,11,3,8,4.8,3,2,50,16,80
2025-09-01,週一,圖書館旁,手工梳打,31.5,77,否,否,否,否,無,28,10,13,3,10,4.8,3,2,50,24,100
2025-09-01,週一,圖書館旁,純茶,31.5,77,否,否,否,否,無,22,8,2,0,2,4.8,3,2,50,22,80
2025-09-02,週二,校門口,珍珠奶茶,30.8,80,否,否,否,否,無,32,12,53,11,42,4.4,6,2,0,19,100
2025-09-02,週二,校門口,芝士奶蓋,30.8,80,否,否,否,否,無,45,18,26,7,19,4.4,6,2,0,21,100
2025-09-02,週二,校門口,燒仙草,30.8,80,否,否,否,否,無,38,14,23,5,18,4.4,6,2,0,17,80
2025-09-02,週二,校門口,手工梳打,30.8,80,否,否,否,否,無,28,10,17,5,12,4.4,6,2,0,21,100
2025-09-02,週二,校門口,純茶,30.8,80,否,否,否,否,無,22,8,4,1,3,4.4,6,2,0,23,60
2025-09-02,週二,圖書館旁,珍珠奶茶,30.8,80,否,否,否,否,無,32,12,31,6,25,4.4,3,2,0,17,100
2025-09-02,週二,圖書館旁,芝士奶蓋,30.8,80,否,否,否,否,無,45,18,19,4,15,4.4,3,2,0,22,80
2025-09-02,週二,圖書館旁,燒仙草,30.8,80,否,否,否,否,無,38,14,16,4,12,4.4,3,2,0,16,60
2025-09-02,週二,圖書館旁,手工梳打,30.8,80,否,否,否,否,無,28,10,10,2,8,4.4,3,2,0,18,100
2025-09-02,週二,圖書館旁,純茶,30.8,80,否,否,否,否,無,22,8,3,1,2,4.4,3,2,0,19,60
2025-09-03,週三,校門口,珍珠奶茶,33.2,75,否,否,否,否,無,32,12,56,13,43,4.2,8,2,0,21,80
2025-09-03,週三,校門口,芝士奶蓋,33.2,75,否,否,否,否,無,45,18,29,7,22,4.2,8,2,0,20,100
2025-09-03,週三,校門口,燒仙草,33.2,75,否,否,否,否,無,38,14,19,3,16,4.2,8,2,0,22,100
2025-09-03,週三,校門口,手工梳打,33.2,75,否,否,否,否,無,28,10,22,5,17,4.2,8,2,0,23,80
2025-09-03,週三,校門口,純茶,33.2,75,否,否,否,否,無,22,8,4,1,3,4.2,8,2,0,20,100
2025-09-03,週三,圖書館旁,珍珠奶茶,33.2,75,否,否,否,否,無,32,12,36,7,29,4.4,6,2,0,24,100
2025-09-03,週三,圖書館旁,芝士奶蓋,33.2,75,否,否,否,否,無,45,18,17,4,13,4.4,6,2,0,21,60
2025-09-03,週三,圖書館旁,燒仙草,33.2,75,否,否,否,否,無,38,14,10,2,8,4.4,6,2,0,25,100
2025-09-03,週三,圖書館旁,手工梳打,33.2,75,否,否,否,否,無,28,10,14,3,11,4.4,6,2,0,20,60
2025-09-03,週三,圖書館旁,純茶,33.2,75,否,否,否,否,無,22,8,6,2,4,4.4,6,2,0,23,80
2025-09-04,週四,校門口,珍珠奶茶,32.7,74,否,否,否,否,無,32,12,54,12,42,4.5,5,2,0,23,60
2025-09-04,週四,校門口,芝士奶蓋,32.7,74,否,否,否,否,無,45,18,30,7,23,4.5,5,2,0,17,100
2025-09-04,週四,校門口,燒仙草,32.7,74,否,否,否,否,無,38,14,20,4,16,4.5,5,2,0,17,100
2025-09-04,週四,校門口,手工梳打,32.7,74,否,否,否,否,無,28,10,21,5,16,4.5,5,2,0,22,80
2025-09-04,週四,校門口,純茶,32.7,74,否,否,否,否,無,22,8,8,2,6,4.5,5,2,0,19,100
2025-09-04,週四,圖書館旁,珍珠奶茶,32.7,74,否,否,否,否,無,32,12,33,6,27,4.4,4,2,0,21,100
2025-09-04,週四,圖書館旁,芝士奶蓋,32.7,74,否,否,否,否,無,45,18,17,3,14,4.4,4,2,0,21,60
2025-09-04,週四,圖書館旁,燒仙草,32.7,74,否,否,否,否,無,38,14,9,1,8,4.4,4,2,0,18,100
2025-09-04,週四,圖書館旁,手工梳打,32.7,74,否,否,否,否,無,28,10,11,3,8,4.4,4,2,0,17,60
2025-09-04,週四,圖書館旁,純茶,32.7,74,否,否,否,否,無,22,8,5,2,3,4.4,4,2,0,21,60
2025-09-05,週五,校門口,珍珠奶茶,31.0,78,否,否,否,否,無,32,12,51,11,40,4.6,4,2,0,24,60
2025-09-05,週五,校門口,芝士奶蓋,31.0,78,否,否,否,否,無,45,18,28,7,21,4.6,4,2,0,16,80
2025-09-05,週五,校門口,燒仙草,31.0,78,否,否,否,否,無,38,14,23,6,17,4.6,4,2,0,16,60
2025-09-05,週五,校門口,手工梳打,31.0,78,否,否,否,否,無,28,10,17,4,13,4.6,4,2,0,19,80
2025-09-05,週五,校門口,純茶,31.0,78,否,否,否,否,無,22,8,5,2,3,4.6,4,2,0,16,100
2025-09-05,週五,圖書館旁,珍珠奶茶,31.0,78,否,否,否,否,無,32,12,32,6,26,4.7,2,2,0,16,60
2025-09-05,週五,圖書館旁,芝士奶蓋,31.0,78,否,否,否,否,無,45,18,15,3,12,4.7,2,2,0,17,80
2025-09-05,週五,圖書館旁,燒仙草,31.0,78,否,否,否,否,無,38,14,16,3,13,4.7,2,2,0,15,80
2025-09-05,週五,圖書館旁,手工梳打,31.0,78,否,否,否,否,無,28,10,10,3,7,4.7,2,2,0,20,80
2025-09-05,週五,圖書館旁,純茶,31.0,78,否,否,否,否,無,22,8,4,1,3,4.7,2,2,0,23,100
2025-09-06,週六,校門口,珍珠奶茶,30.5,78,否,否,否,否,無,32,12,37,6,31,4.5,8,1,0,30,40
2025-09-06,週六,校門口,芝士奶蓋,30.5,78,否,否,否,否,無,45,18,17,3,14,4.5,8,1,0,32,40
2025-09-06,週六,校門口,燒仙草,30.5,78,否,否,否,否,無,38,14,14,2,12,4.5,8,1,0,32,40
2025-09-06,週六,校門口,手工梳打,30.5,78,否,否,否,否,無,28,10,13,3,10,4.5,8,1,0,25,40
2025-09-06,週六,校門口,純茶,30.5,78,否,否,否,否,無,22,8,6,1,5,4.5,8,1,0,29,40
2025-09-06,週六,圖書館旁,珍珠奶茶,30.5,78,否,否,否,否,無,32,12,23,4,19,4.4,6,1,0,32,40
2025-09-06,週六,圖書館旁,芝士奶蓋,30.5,78,否,否,否,否,無,45,18,13,2,11,4.4,6,1,0,26,40
2025-09-06,週六,圖書館旁,燒仙草,30.5,78,否,否,否,否,無,38,14,11,1,10,4.4,6,1,0,26,40
2025-09-06,週六,圖書館旁,手工梳打,30.5,78,否,否,否,否,無,28,10,6,1,5,4.4,6,1,0,29,40
2025-09-06,週六,圖書館旁,純茶,30.5,78,否,否,否,否,無,22,8,1,0,1,4.4,6,1,0,26,60
2025-09-07,週日,校門口,珍珠奶茶,34.1,76,否,否,否,否,無,32,12,44,7,37,4.3,8,1,50,33,40
2025-09-07,週日,校門口,芝士奶蓋,34.1,76,否,否,否,否,無,45,18,23,4,19,4.3,8,1,50,32,40
2025-09-07,週日,校門口,燒仙草,34.1,76,否,否,否,否,無,38,14,13,1,12,4.3,8,1,50,24,40
2025-09-07,週日,校門口,手工梳打,34.1,76,否,否,否,否,無,28,10,16,2,14,4.3,8,1,50,26,40
2025-09-07,週日,校門口,純茶,34.1,76,否,否,否,否,無,22,8,5,0,5,4.3,8,1,50,29,60
2025-09-07,週日,圖書館旁,珍珠奶茶,34.1,76,否,否,否,否,無,32,12,29,4,25,4.4,6,1,50,29,60
2025-09-07,週日,圖書館旁,芝士奶蓋,34.1,76,否,否,否,否,無,45,18,11,2,9,4.4,6,1,50,24,60
2025-09-07,週日,圖書館旁,燒仙草,34.1,76,否,否,否,否,無,38,14,5,1,4,4.4,6,1,50,30,40
2025-09-07,週日,圖書館旁,手工梳打,34.1,76,否,否,否,否,無,28,10,7,2,5,4.4,6,1,50,30,40
2025-09-07,週日,圖書館旁,純茶,34.1,76,否,否,否,否,無,22,8,3,1,2,4.4,6,1,50,29,40
2025-09-08,週一,校門口,珍珠奶茶,32.9,74,否,否,否,是,學生折扣,29,12,72,15,57,4.7,7,2,300,37,100
2025-09-08,週一,校門口,芝士奶蓋,32.9,74,否,否,否,是,學生折扣,40,18,34,7,27,4.7,7,2,300,41,80
2025-09-08,週一,校門口,燒仙草,32.9,74,否,否,否,是,學生折扣,34,14,24,6,18,4.7,7,2,300,42,60
2025-09-08,週一,校門口,手工梳打,32.9,74,否,否,否,是,學生折扣,25,10,26,7,19,4.7,7,2,300,41,80
2025-09-08,週一,校門口,純茶,32.9,74,否,否,否,是,學生折扣,20,8,4,1,3,4.7,7,2,300,36,80
2025-09-08,週一,圖書館旁,珍珠奶茶,32.9,74,否,否,否,是,學生折扣,29,12,45,9,36,4.7,6,2,300,41,60
2025-09-08,週一,圖書館旁,芝士奶蓋,32.9,74,否,否,否,是,學生折扣,40,18,21,4,17,4.7,6,2,300,38,60
2025-09-08,週一,圖書館旁,燒仙草,32.9,74,否,否,否,是,學生折扣,34,14,15,3,12,4.7,6,2,300,36,60
2025-09-08,週一,圖書館旁,手工梳打,32.9,74,否,否,否,是,學生折扣,25,10,13,3,10,4.7,6,2,300,37,80
2025-09-08,週一,圖書館旁,純茶,32.9,74,否,否,否,是,學生折扣,20,8,6,2,4,4.7,6,2,300,36,100
2025-09-09,週二,校門口,珍珠奶茶,29.3,88,是,否,否,是,學生折扣,29,12,49,20,29,4.5,4,3,400,39,80
2025-09-09,週二,校門口,芝士奶蓋,29.3,88,是,否,否,是,學生折扣,40,18,24,10,14,4.5,4,3,400,36,80
2025-09-09,週二,校門口,燒仙草,29.3,88,是,否,否,是,學生折扣,34,14,36,16,20,4.5,4,3,400,34,100
2025-09-09,週二,校門口,手工梳打,29.3,88,是,否,否,是,學生折扣,25,10,15,5,10,4.5,4,3,400,37,100
2025-09-09,週二,校門口,純茶,29.3,88,是,否,否,是,學生折扣,20,8,8,3,5,4.5,4,3,400,40,100
2025-09-09,週二,圖書館旁,珍珠奶茶,29.3,88,是,否,否,是,學生折扣,29,12,29,13,16,4.6,4,3,400,42,100
2025-09-09,週二,圖書館旁,芝士奶蓋,29.3,88,是,否,否,是,學生折扣,40,18,15,7,8,4.6,4,3,400,40,80
2025-09-09,週二,圖書館旁,燒仙草,29.3,88,是,否,否,是,學生折扣,34,14,23,10,13,4.6,4,3,400,36,100
2025-09-09,週二,圖書館旁,手工梳打,29.3,88,是,否,否,是,學生折扣,25,10,10,3,7,4.6,4,3,400,37,80
2025-09-09,週二,圖書館旁,純茶,29.3,88,是,否,否,是,學生折扣,20,8,5,3,2,4.6,4,3,400,39,80
2025-09-10,週三,校門口,珍珠奶茶,31.7,75,否,否,否,是,學生折扣,29,12,66,15,51,4.5,7,2,300,38,80
2025-09-10,週三,校門口,芝士奶蓋,31.7,75,否,否,否,是,學生折扣,40,18,35,8,27,4.5,7,2,300,41,100
2025-09-10,週三,校門口,燒仙草,31.7,75,否,否,否,是,學生折扣,34,14,23,4,19,4.5,7,2,300,38,100
2025-09-10,週三,校門口,手工梳打,31.7,75,否,否,否,是,學生折扣,25,10,23,4,19,4.5,7,2,300,43,60
2025-09-10,週三,校門口,純茶,31.7,75,否,否,否,是,學生折扣,20,8,7,1,6,4.5,7,2,300,35,60
2025-09-10,週三,圖書館旁,珍珠奶茶,31.7,75,否,否,否,是,學生折扣,29,12,41,10,31,4.9,3,2,300,38,100
2025-09-10,週三,圖書館旁,芝士奶蓋,31.7,75,否,否,否,是,學生折扣,40,18,22,5,17,4.9,3,2,300,37,80
2025-09-10,週三,圖書館旁,燒仙草,31.7,75,否,否,否,是,學生折扣,34,14,14,3,11,4.9,3,2,300,33,60
2025-09-10,週三,圖書館旁,手工梳打,31.7,75,否,否,否,是,學生折扣,25,10,16,3,13,4.9,3,2,300,41,100
2025-09-10,週三,圖書館旁,純茶,31.7,75,否,否,否,是,學生折扣,20,8,4,0,4,4.9,3,2,300,35,60
2025-09-11,週四,校門口,珍珠奶茶,33.5,74,否,否,否,是,學生折扣,29,12,71,16,55,4.5,8,2,400,37,100
2025-09-11,週四,校門口,芝士奶蓋,33.5,74,否,否,否,是,學生折扣,40,18,38,8,30,4.5,8,2,400,42,80
2025-09-11,週四,校門口,燒仙草,33.5,74,否,否,否,是,學生折扣,34,14,22,5,17,4.5,8,2,400,38,80
2025-09-11,週四,校門口,手工梳打,33.5,74,否,否,否,是,學生折扣,25,10,26,6,20,4.5,8,2,400,36,100
2025-09-11,週四,校門口,純茶,33.5,74,否,否,否,是,學生折扣,20,8,7,1,6,4.5,8,2,400,37,100
2025-09-11,週四,圖書館旁,珍珠奶茶,33.5,74,否,否,否,是,學生折扣,29,12,44,10,34,4.6,4,2,400,34,60
2025-09-11,週四,圖書館旁,芝士奶蓋,33.5,74,否,否,否,是,學生折扣,40,18,22,4,18,4.6,4,2,400,35,80
2025-09-11,週四,圖書館旁,燒仙草,33.5,74,否,否,否,是,學生折扣,34,14,12,3,9,4.6,4,2,400,37,60
2025-09-11,週四,圖書館旁,手工梳打,33.5,74,否,否,否,是,學生折扣,25,10,17,4,13,4.6,4,2,400,41,100
2025-09-11,週四,圖書館旁,純茶,33.5,74,否,否,否,是,學生折扣,20,8,2,1,1,4.6,4,2,400,39,80
2025-09-12,週五,校門口,珍珠奶茶,34.2,71,否,否,否,是,學生折扣,29,12,76,17,59,4.6,9,2,300,40,100
2025-09-12,週五,校門口,芝士奶蓋,34.2,71,否,否,否,是,學生折扣,40,18,38,9,29,4.6,9,2,300,38,80
2025-09-12,週五,校門口,燒仙草,34.2,71,否,否,否,是,學生折扣,34,14,18,3,15,4.6,9,2,300,36,100
2025-09-12,週五,校門口,手工梳打,34.2,71,否,否,否,是,學生折扣,25,10,26,6,20,4.6,9,2,300,41,60
2025-09-12,週五,校門口,純茶,34.2,71,否,否,否,是,學生折扣,20,8,10,2,8,4.6,9,2,300,42,100
2025-09-12,週五,圖書館旁,珍珠奶茶,34.2,71,否,否,否,是,學生折扣,29,12,47,10,37,4.5,5,2,300,38,60
2025-09-12,週五,圖書館旁,芝士奶蓋,34.2,71,否,否,否,是,學生折扣,40,18,22,4,18,4.5,5,2,300,38,80
2025-09-12,週五,圖書館旁,燒仙草,34.2,71,否,否,否,是,學生折扣,34,14,12,2,10,4.5,5,2,300,41,80
2025-09-12,週五,圖書館旁,手工梳打,34.2,71,否,否,否,是,學生折扣,25,10,14,2,12,4.5,5,2,300,33,100
2025-09-12,週五,圖書館旁,純茶,34.2,71,否,否,否,是,學生折扣,20,8,2,1,1,4.5,5,2,300,35,60
2025-09-13,週六,校門口,珍珠奶茶,30.1,79,否,否,否,否,無,32,12,33,5,28,4.1,10,1,0,24,40
2025-09-13,週六,校門口,芝士奶蓋,30.1,79,否,否,否,否,無,45,18,19,3,16,4.1,10,1,0,30,60
2025-09-13,週六,校門口,燒仙草,30.1,79,否,否,否,否,無,38,14,15,3,12,4.1,10,1,0,30,40
2025-09-13,週六,校門口,手工梳打,30.1,79,否,否,否,否,無,28,10,14,2,12,4.1,10,1,0,26,40
2025-09-13,週六,校門口,純茶,30.1,79,否,否,否,否,無,22,8,6,1,5,4.1,10,1,0,32,60
2025-09-13,週六,圖書館旁,珍珠奶茶,30.1,79,否,否,否,否,無,32,12,20,4,16,4.6,5,1,0,29,40
2025-09-13,週六,圖書館旁,芝士奶蓋,30.1,79,否,否,否,否,無,45,18,13,2,11,4.6,5,1,0,30,40
2025-09-13,週六,圖書館旁,燒仙草,30.1,79,否,否,否,否,無,38,14,12,2,10,4.6,5,1,0,23,60
2025-09-13,週六,圖書館旁,手工梳打,30.1,79,否,否,否,否,無,28,10,9,1,8,4.6,5,1,0,29,40
2025-09-13,週六,圖書館旁,純茶,30.1,79,否,否,否,否,無,22,8,4,1,3,4.6,5,1,0,24,60
2025-09-14,週日,校門口,珍珠奶茶,28.6,90,是,否,否,否,無,32,12,29,10,19,4.6,4,2,0,31,60
2025-09-14,週日,校門口,芝士奶蓋,28.6,90,是,否,否,否,無,45,18,15,6,9,4.6,4,2,0,29,60
2025-09-14,週日,校門口,燒仙草,28.6,90,是,否,否,否,無,38,14,25,10,15,4.6,4,2,0,24,60
2025-09-14,週日,校門口,手工梳打,28.6,90,是,否,否,否,無,28,10,8,3,5,4.6,4,2,0,29,60
2025-09-14,週日,校門口,純茶,28.6,90,是,否,否,否,無,22,8,3,1,2,4.6,4,2,0,26,60
2025-09-14,週日,圖書館旁,珍珠奶茶,28.6,90,是,否,否,否,無,32,12,16,7,9,4.8,2,2,0,30,60
2025-09-14,週日,圖書館旁,芝士奶蓋,28.6,90,是,否,否,否,無,45,18,10,4,6,4.8,2,2,0,25,40
2025-09-14,週日,圖書館旁,燒仙草,28.6,90,是,否,否,否,無,38,14,15,6,9,4.8,2,2,0,31,60
2025-09-14,週日,圖書館旁,手工梳打,28.6,90,是,否,否,否,無,28,10,7,3,4,4.8,2,2,0,31,40
2025-09-14,週日,圖書館旁,純茶,28.6,90,是,否,否,否,無,22,8,1,0,1,4.8,2,2,0,25,60
2025-09-15,週一,校門口,珍珠奶茶,31.2,76,否,否,否,否,無,32,12,52,12,40,4.6,4,3,50,18,80
2025-09-15,週一,校門口,芝士奶蓋,31.2,76,否,否,否,否,無,45,18,26,6,20,4.6,4,3,50,18,100
2025-09-15,週一,校門口,燒仙草,31.2,76,否,否,否,否,無,38,14,22,5,17,4.6,4,3,50,17,60
2025-09-15,週一,校門口,手工梳打,31.2,76,否,否,否,否,無,28,10,20,4,16,4.6,4,3,50,21,100
2025-09-15,週一,校門口,純茶,31.2,76,否,否,否,否,無,22,8,6,2,4,4.6,4,3,50,23,80
2025-09-15,週一,圖書館旁,珍珠奶茶,31.2,76,否,否,否,否,無,32,12,30,7,23,4.5,2,3,50,18,60
2025-09-15,週一,圖書館旁,芝士奶蓋,31.2,76,否,否,否,否,無,45,18,17,4,13,4.5,2,3,50,16,80
2025-09-15,週一,圖書館旁,燒仙草,31.2,76,否,否,否,否,無,38,14,11,1,10,4.5,2,3,50,18,80
2025-09-15,週一,圖書館旁,手工梳打,31.2,76,否,否,否,否,無,28,10,11,2,9,4.5,2,3,50,16,80
2025-09-15,週一,圖書館旁,純茶,31.2,76,否,否,否,否,無,22,8,1,0,1,4.5,2,3,50,20,100
2025-09-16,週二,校門口,珍珠奶茶,30.8,78,否,是,否,否,無,32,12,68,21,47,4.6,4,3,100,10,100
2025-09-16,週二,校門口,芝士奶蓋,30.8,78,否,是,否,否,無,45,18,37,12,25,4.6,4,3,100,11,120
2025-09-16,週二,校門口,燒仙草,30.8,78,否,是,否,否,無,38,14,29,10,19,4.6,4,3,100,12,120
2025-09-16,週二,校門口,手工梳打,30.8,78,否,是,否,否,無,28,10,27,8,19,4.6,4,3,100,15,120
2025-09-16,週二,校門口,純茶,30.8,78,否,是,否,否,無,22,8,9,2,7,4.6,4,3,100,17,120
2025-09-16,週二,圖書館旁,珍珠奶茶,30.8,78,否,是,否,否,無,32,12,57,16,41,4.6,4,3,100,10,80
2025-09-16,週二,圖書館旁,芝士奶蓋,30.8,78,否,是,否,否,無,45,18,31,10,21,4.6,4,3,100,14,80
2025-09-16,週二,圖書館旁,燒仙草,30.8,78,否,是,否,否,無,38,14,24,8,16,4.6,4,3,100,16,100
2025-09-16,週二,圖書館旁,手工梳打,30.8,78,否,是,否,否,無,28,10,19,5,14,4.6,4,3,100,12,120
2025-09-16,週二,圖書館旁,純茶,30.8,78,否,是,否,否,無,22,8,6,2,4,4.6,4,3,100,11,80
2025-09-17,週三,校門口,珍珠奶茶,32.4,76,否,是,否,否,無,32,12,73,21,52,4.6,6,4,100,12,120
2025-09-17,週三,校門口,芝士奶蓋,32.4,76,否,是,否,否,無,45,18,40,13,27,4.6,6,4,100,13,100
2025-09-17,週三,校門口,燒仙草,32.4,76,否,是,否,否,無,38,14,26,8,18,4.6,6,4,100,18,120
2025-09-17,週三,校門口,手工梳打,32.4,76,否,是,否,否,無,28,10,26,8,18,4.6,6,4,100,15,100
2025-09-17,週三,校門口,純茶,32.4,76,否,是,否,否,無,22,8,9,3,6,4.6,6,4,100,9,80
2025-09-17,週三,圖書館旁,珍珠奶茶,32.4,76,否,是,否,否,無,32,12,64,20,44,4.6,6,4,100,19,120
2025-09-17,週三,圖書館旁,芝士奶蓋,32.4,76,否,是,否,否,無,45,18,34,10,24,4.6,6,4,100,17,80
2025-09-17,週三,圖書館旁,燒仙草,32.4,76,否,是,否,否,無,38,14,21,7,14,4.6,6,4,100,18,80
2025-09-17,週三,圖書館旁,手工梳打,32.4,76,否,是,否,否,無,28,10,24,7,17,4.6,6,4,100,17,80
2025-09-17,週三,圖書館旁,純茶,32.4,76,否,是,否,否,無,22,8,6,2,4,4.6,6,4,100,12,80
2025-09-18,週四,校門口,珍珠奶茶,29.6,90,是,是,否,否,無,32,12,55,28,27,4.4,6,3,150,15,100
2025-09-18,週四,校門口,芝士奶蓋,29.6,90,是,是,否,否,無,45,18,27,13,14,4.4,6,3,150,10,100
2025-09-18,週四,校門口,燒仙草,29.6,90,是,是,否,否,無,38,14,41,21,20,4.4,6,3,150,9,120
2025-09-18,週四,校門口,手工梳打,29.6,90,是,是,否,否,無,28,10,19,9,10,4.4,6,3,150,14,120
2025-09-18,週四,校門口,純茶,29.6,90,是,是,否,否,無,22,8,8,4,4,4.4,6,3,150,17,80
2025-09-18,週四,圖書館旁,珍珠奶茶,29.6,90,是,是,否,否,無,32,12,44,23,21,4.5,3,3,150,14,80
2025-09-18,週四,圖書館旁,芝士奶蓋,29.6,90,是,是,否,否,無,45,18,27,14,13,4.5,3,3,150,11,80
2025-09-18,週四,圖書館旁,燒仙草,29.6,90,是,是,否,否,無,38,14,33,16,17,4.5,3,3,150,13,80
2025-09-18,週四,圖書館旁,手工梳打,29.6,90,是,是,否,否,無,28,10,19,10,9,4.5,3,3,150,14,80
2025-09-18,週四,圖書館旁,純茶,29.6,90,是,是,否,否,無,22,8,6,2,4,4.5,3,3,150,18,100
2025-09-19,週五,校門口,珍珠奶茶,28.3,89,是,是,否,否,無,32,12,48,24,24,4.6,6,3,150,13,120
2025-09-19,週五,校門口,芝士奶蓋,28.3,89,是,是,否,否,無,45,18,28,15,13,4.6,6,3,150,18,100
2025-09-19,週五,校門口,燒仙草,28.3,89,是,是,否,否,無,38,14,46,24,22,4.6,6,3,150,12,120
2025-09-19,週五,校門口,手工梳打,28.3,89,是,是,否,否,無,28,10,17,8,9,4.6,6,3,150,16,120
2025-09-19,週五,校門口,純茶,28.3,89,是,是,否,否,無,22,8,7,4,3,4.6,6,3,150,18,100
2025-09-19,週五,圖書館旁,珍珠奶茶,28.3,89,是,是,否,否,無,32,12,42,21,21,4.5,4,3,150,14,100
2025-09-19,週五,圖書館旁,芝士奶蓋,28.3,89,是,是,否,否,無,45,18,25,13,12,4.5,4,3,150,11,100
2025-09-19,週五,圖書館旁,燒仙草,28.3,89,是,是,否,否,無,38,14,36,19,17,4.5,4,3,150,9,120
2025-09-19,週五,圖書館旁,手工梳打,28.3,89,是,是,否,否,無,28,10,15,8,7,4.5,4,3,150,13,120
2025-09-19,週五,圖書館旁,純茶,28.3,89,是,是,否,否,無,22,8,7,4,3,4.5,4,3,150,11,80
2025-09-20,週六,校門口,珍珠奶茶,30.5,75,否,是,否,否,無,32,12,49,12,37,4.4,7,2,100,30,100
2025-09-20,週六,校門口,芝士奶蓋,30.5,75,否,是,否,否,無,45,18,28,8,20,4.4,7,2,100,24,100
2025-09-20,週六,校門口,燒仙草,30.5,75,否,是,否,否,無,38,14,21,6,15,4.4,7,2,100,29,100
2025-09-20,週六,校門口,手工梳打,30.5,75,否,是,否,否,無,28,10,19,5,14,4.4,7,2,100,27,100
2025-09-20,週六,校門口,純茶,30.5,75,否,是,否,否,無,22,8,6,2,4,4.4,7,2,100,28,120
2025-09-20,週六,圖書館旁,珍珠奶茶,30.5,75,否,是,否,否,無,32,12,42,11,31,4.4,3,2,100,33,120
2025-09-20,週六,圖書館旁,芝士奶蓋,30.5,75,否,是,否,否,無,45,18,20,6,14,4.4,3,2,100,31,120
2025-09-20,週六,圖書館旁,燒仙草,30.5,75,否,是,否,否,無,38,14,21,5,16,4.4,3,2,100,30,80
2025-09-20,週六,圖書館旁,手工梳打,30.5,75,否,是,否,否,無,28,10,12,4,8,4.4,3,2,100,26,100
2025-09-20,週六,圖書館旁,純茶,30.5,75,否,是,否,否,無,22,8,4,0,4,4.4,3,2,100,27,120
2025-09-21,週日,校門口,珍珠奶茶,33.7,76,否,是,否,是,買一送一,32,12,88,21,67,4.2,16,1,200,32,80
2025-09-21,週日,校門口,芝士奶蓋,33.7,76,否,是,否,是,買一送一,45,18,43,11,32,4.2,16,1,200,28,120
2025-09-21,週日,校門口,燒仙草,33.7,76,否,是,否,是,買一送一,38,14,21,6,15,4.2,16,1,200,32,120
2025-09-21,週日,校門口,手工梳打,33.7,76,否,是,否,是,買一送一,28,10,30,7,23,4.2,16,1,200,32,120
2025-09-21,週日,校門口,純茶,33.7,76,否,是,否,是,買一送一,22,8,7,3,4,4.2,16,1,200,30,100
2025-09-21,週日,圖書館旁,珍珠奶茶,33.7,76,否,是,否,是,買一送一,32,12,74,18,56,3.9,17,1,200,25,120
2025-09-21,週日,圖書館旁,芝士奶蓋,33.7,76,否,是,否,是,買一送一,45,18,37,9,28,3.9,17,1,200,30,80
2025-09-21,週日,圖書館旁,燒仙草,33.7,76,否,是,否,是,買一送一,38,14,22,6,16,3.9,17,1,200,26,120
2025-09-21,週日,圖書館旁,手工梳打,33.7,76,否,是,否,是,買一送一,28,10,27,7,20,3.9,17,1,200,33,120
2025-09-21,週日,圖書館旁,純茶,33.7,76,否,是,否,是,買一送一,22,8,8,3,5,3.9,17,1,200,32,80
2025-09-22,週一,校門口,珍珠奶茶,31.9,76,否,是,否,否,無,32,12,74,23,51,4.5,6,3,100,16,80
2025-09-22,週一,校門口,芝士奶蓋,31.9,76,否,是,否,否,無,45,18,39,13,26,4.5,6,3,100,15,100
2025-09-22,週一,校門口,燒仙草,31.9,76,否,是,否,否,無,38,14,28,7,21,4.5,6,3,100,13,80
2025-09-22,週一,校門口,手工梳打,31.9,76,否,是,否,否,無,28,10,23,6,17,4.5,6,3,100,16,80
2025-09-22,週一,校門口,純茶,31.9,76,否,是,否,否,無,22,8,6,2,4,4.5,6,3,100,18,100
2025-09-22,週一,圖書館旁,珍珠奶茶,31.9,76,否,是,否,否,無,32,12,64,19,45,4.7,5,3,100,17,100
2025-09-22,週一,圖書館旁,芝士奶蓋,31.9,76,否,是,否,否,無,45,18,35,10,25,4.7,5,3,100,18,80
2025-09-22,週一,圖書館旁,燒仙草,31.9,76,否,是,否,否,無,38,14,23,6,17,4.7,5,3,100,17,80
2025-09-22,週一,圖書館旁,手工梳打,31.9,76,否,是,否,否,無,28,10,23,7,16,4.7,5,3,100,19,120
2025-09-22,週一,圖書館旁,純茶,31.9,76,否,是,否,否,無,22,8,6,2,4,4.7,5,3,100,9,120
2025-09-23,週二,校門口,珍珠奶茶,29.4,86,是,是,否,否,無,32,12,55,27,28,4.6,5,3,150,11,80
2025-09-23,週二,校門口,芝士奶蓋,29.4,86,是,是,否,否,無,45,18,29,15,14,4.6,5,3,150,12,120
2025-09-23,週二,校門口,燒仙草,29.4,86,是,是,否,否,無,38,14,39,19,20,4.6,5,3,150,17,120
2025-09-23,週二,校門口,手工梳打,29.4,86,是,是,否,否,無,28,10,18,9,9,4.6,5,3,150,10,80
2025-09-23,週二,校門口,純茶,29.4,86,是,是,否,否,無,22,8,6,3,3,4.6,5,3,150,10,120
2025-09-23,週二,圖書館旁,珍珠奶茶,29.4,86,是,是,否,否,無,32,12,45,23,22,4.6,3,3,150,18,100
2025-09-23,週二,圖書館旁,芝士奶蓋,29.4,86,是,是,否,否,無,45,18,25,13,12,4.6,3,3,150,18,120
2025-09-23,週二,圖書館旁,燒仙草,29.4,86,是,是,否,否,無,38,14,32,16,16,4.6,3,3,150,13,100
2025-09-23,週二,圖書館旁,手工梳打,29.4,86,是,是,否,否,無,28,10,14,7,7,4.6,3,3,150,13,80
2025-09-23,週二,圖書館旁,純茶,29.4,86,是,是,否,否,無,22,8,7,3,4,4.6,3,3,150,16,120
2025-09-24,週三,校門口,珍珠奶茶,30.7,79,否,是,否,否,無,32,12,71,22,49,4.6,2,4,150,17,80
2025-09-24,週三,校門口,芝士奶蓋,30.7,79,否,是,否,否,無,45,18,37,11,26,4.6,2,4,150,15,80
2025-09-24,週三,校門口,燒仙草,30.7,79,否,是,否,否,無,38,14,28,8,20,4.6,2,4,150,19,120
2025-09-24,週三,校門口,手工梳打,30.7,79,否,是,否,否,無,28,10,23,8,15,4.6,2,4,150,15,120
2025-09-24,週三,校門口,純茶,30.7,79,否,是,否,否,無,22,8,6,3,3,4.6,2,4,150,12,80
2025-09-24,週三,圖書館旁,珍珠奶茶,30.7,79,否,是,否,否,無,32,12,57,18,39,4.5,5,4,150,19,120
2025-09-24,週三,圖書館旁,芝士奶蓋,30.7,79,否,是,否,否,無,45,18,30,8,22,4.5,5,4,150,16,80
2025-09-24,週三,圖書館旁,燒仙草,30.7,79,否,是,否,否,無,38,14,24,7,17,4.5,5,4,150,17,120
2025-09-24,週三,圖書館旁,手工梳打,30.7,79,否,是,否,否,無,28,10,20,5,15,4.5,5,4,150,10,120
2025-09-24,週三,圖書館旁,純茶,30.7,79,否,是,否,否,無,22,8,6,1,5,4.5,5,4,150,10,100
2025-09-25,週四,校門口,珍珠奶茶,32.1,77,否,是,否,否,無,32,12,75,23,52,4.4,4,4,100,18,120
2025-09-25,週四,校門口,芝士奶蓋,32.1,77,否,是,否,否,無,45,18,38,11,27,4.4,4,4,100,19,80
2025-09-25,週四,校門口,燒仙草,32.1,77,否,是,否,否,無,38,14,29,9,20,4.4,4,4,100,13,80
2025-09-25,週四,校門口,手工梳打,32.1,77,否,是,否,否,無,28,10,26,9,17,4.4,4,4,100,10,80
2025-09-25,週四,校門口,純茶,32.1,77,否,是,否,否,無,22,8,6,1,5,4.4,4,4,100,10,120
2025-09-25,週四,圖書館旁,珍珠奶茶,32.1,77,否,是,否,否,無,32,12,62,20,42,4.6,4,4,100,14,100
2025-09-25,週四,圖書館旁,芝士奶蓋,32.1,77,否,是,否,否,無,45,18,33,10,23,4.6,4,4,100,17,80
2025-09-25,週四,圖書館旁,燒仙草,32.1,77,否,是,否,否,無,38,14,24,8,16,4.6,4,4,100,17,120
2025-09-25,週四,圖書館旁,手工梳打,32.1,77,否,是,否,否,無,28,10,24,7,17,4.6,4,4,100,18,100
2025-09-25,週四,圖書館旁,純茶,32.1,77,否,是,否,否,無,22,8,5,1,4,4.6,4,4,100,13,80
2025-09-26,週五,校門口,珍珠奶茶,28.8,87,是,是,否,否,無,32,12,53,26,27,4.4,4,3,150,17,80
2025-09-26,週五,校門口,芝士奶蓋,28.8,87,是,是,否,否,無,45,18,28,14,14,4.4,4,3,150,13,80
2025-09-26,週五,校門口,燒仙草,28.8,87,是,是,否,否,無,38,14,43,22,21,4.4,4,3,150,15,100
2025-09-26,週五,校門口,手工梳打,28.8,87,是,是,否,否,無,28,10,19,9,10,4.4,4,3,150,18,100
2025-09-26,週五,校門口,純茶,28.8,87,是,是,否,否,無,22,8,8,4,4,4.4,4,3,150,19,120
2025-09-26,週五,圖書館旁,珍珠奶茶,28.8,87,是,是,否,否,無,32,12,43,21,22,4.4,3,3,150,14,80
2025-09-26,週五,圖書館旁,芝士奶蓋,28.8,87,是,是,否,否,無,45,18,23,12,11,4.4,3,3,150,10,100
2025-09-26,週五,圖書館旁,燒仙草,28.8,87,是,是,否,否,無,38,14,36,19,17,4.4,3,3,150,17,120
2025-09-26,週五,圖書館旁,手工梳打,28.8,87,是,是,否,否,無,28,10,16,8,8,4.4,3,3,150,9,120
2025-09-26,週五,圖書館旁,純茶,28.8,87,是,是,否,否,無,22,8,7,3,4,4.4,3,3,150,11,120
2025-09-27,週六,校門口,珍珠奶茶,30.2,79,否,否,否,否,無,32,12,36,6,30,4.8,2,2,50,24,40
2025-09-27,週六,校門口,芝士奶蓋,30.2,79,否,否,否,否,無,45,18,17,3,14,4.8,2,2,50,27,60
2025-09-27,週六,校門口,燒仙草,30.2,79,否,否,否,否,無,38,14,16,2,14,4.8,2,2,50,30,40
2025-09-27,週六,校門口,手工梳打,30.2,79,否,否,否,否,無,28,10,15,2,13,4.8,2,2,50,31,40
2025-09-27,週六,校門口,純茶,30.2,79,否,否,否,否,無,22,8,4,0,4,4.8,2,2,50,30,60
2025-09-27,週六,圖書館旁,珍珠奶茶,30.2,79,否,否,否,否,無,32,12,21,4,17,4.6,3,2,50,26,40
2025-09-27,週六,圖書館旁,芝士奶蓋,30.2,79,否,否,否,否,無,45,18,11,2,9,4.6,3,2,50,28,60
2025-09-27,週六,圖書館旁,燒仙草,30.2,79,否,否,否,否,無,38,14,8,1,7,4.6,3,2,50,29,40
2025-09-27,週六,圖書館旁,手工梳打,30.2,79,否,否,否,否,無,28,10,6,2,4,4.6,3,2,50,31,60
2025-09-27,週六,圖書館旁,純茶,30.2,79,否,否,否,否,無,22,8,1,0,1,4.6,3,2,50,28,60
2025-09-28,週日,校門口,珍珠奶茶,31.8,74,否,否,否,否,無,32,12,40,6,34,4.6,5,2,0,32,40
2025-09-28,週日,校門口,芝士奶蓋,31.8,74,否,否,否,否,無,45,18,20,3,17,4.6,5,2,0,24,60
2025-09-28,週日,校門口,燒仙草,31.8,74,否,否,否,否,無,38,14,15,3,12,4.6,5,2,0,30,60
2025-09-28,週日,校門口,手工梳打,31.8,74,否,否,否,否,無,28,10,12,2,10,4.6,5,2,0,33,40
2025-09-28,週日,校門口,純茶,31.8,74,否,否,否,否,無,22,8,5,1,4,4.6,5,2,0,31,60
2025-09-28,週日,圖書館旁,珍珠奶茶,31.8,74,否,否,否,否,無,32,12,23,4,19,4.8,2,2,0,28,60
2025-09-28,週日,圖書館旁,芝士奶蓋,31.8,74,否,否,否,否,無,45,18,14,3,11,4.8,2,2,0,25,40
2025-09-28,週日,圖書館旁,燒仙草,31.8,74,否,否,否,否,無,38,14,7,1,6,4.8,2,2,0,28,40
2025-09-28,週日,圖書館旁,手工梳打,31.8,74,否,否,否,否,無,28,10,10,1,9,4.8,2,2,0,30,40
2025-09-28,週日,圖書館旁,純茶,31.8,74,否,否,否,否,無,22,8,1,0,1,4.8,2,2,0,25,40
2025-09-29,週一,校門口,珍珠奶茶,33.4,76,否,否,否,否,無,32,12,58,13,45,4.7,3,3,0,23,80
2025-09-29,週一,校門口,芝士奶蓋,33.4,76,否,否,否,否,無,45,18,30,7,23,4.7,3,3,0,21,100
2025-09-29,週一,校門口,燒仙草,33.4,76,否,否,否,否,無,38,14,16,4,12,4.7,3,3,0,18,80
2025-09-29,週一,校門口,手工梳打,33.4,76,否,否,否,否,無,28,10,18,4,14,4.7,3,3,0,18,80
2025-09-29,週一,校門口,純茶,33.4,76,否,否,否,否,無,22,8,6,1,5,4.7,3,3,0,16,80
2025-09-29,週一,圖書館旁,珍珠奶茶,33.4,76,否,否,否,否,無,32,12,38,8,30,4.4,3,3,0,24,60
2025-09-29,週一,圖書館旁,芝士奶蓋,33.4,76,否,否,否,否,無,45,18,19,4,15,4.4,3,3,0,20,100
2025-09-29,週一,圖書館旁,燒仙草,33.4,76,否,否,否,否,無,38,14,13,3,10,4.4,3,3,0,15,100
2025-09-29,週一,圖書館旁,手工梳打,33.4,76,否,否,否,否,無,28,10,13,3,10,4.4,3,3,0,20,60
2025-09-29,週一,圖書館旁,純茶,33.4,76,否,否,否,否,無,22,8,6,1,5,4.4,3,3,0,23,80
2025-09-30,週二,校門口,珍珠奶茶,32.0,79,否,否,否,否,無,32,12,57,13,44,4.6,4,2,0,21,80
2025-09-30,週二,校門口,芝士奶蓋,32.0,79,否,否,否,否,無,45,18,28,6,22,4.6,4,2,0,19,80
2025-09-30,週二,校門口,燒仙草,32.0,79,否,否,否,否,無,38,14,20,4,16,4.6,4,2,0,21,80
2025-09-30,週二,校門口,手工梳打,32.0,79,否,否,否,否,無,28,10,17,3,14,4.6,4,2,0,22,80
2025-09-30,週二,校門口,純茶,32.0,79,否,否,否,否,無,22,8,4,2,2,4.6,4,2,0,25,100
2025-09-30,週二,圖書館旁,珍珠奶茶,32.0,79,否,否,否,否,無,32,12,34,7,27,4.4,6,2,0,18,100
2025-09-30,週二,圖書館旁,芝士奶蓋,32.0,79,否,否,否,否,無,45,18,19,4,15,4.4,6,2,0,21,60
2025-09-30,週二,圖書館旁,燒仙草,32.0,79,否,否,否,否,無,38,14,11,2,9,4.4,6,2,0,23,60
2025-09-30,週二,圖書館旁,手工梳打,32.0,79,否,否,否,否,無,28,10,13,4,9,4.4,6,2,0,22,100
2025-09-30,週二,圖書館旁,純茶,32.0,79,否,否,否,否,無,22,8,5,0,5,4.4,6,2,0,22,100
2025-10-01,週三,校門口,珍珠奶茶,30.6,76,否,否,是,否,無,32,12,22,5,17,4.7,5,1,50,17,0
2025-10-01,週三,校門口,芝士奶蓋,30.6,76,否,否,是,否,無,45,18,15,3,12,4.7,5,1,50,18,0
2025-10-01,週三,校門口,燒仙草,30.6,76,否,否,是,否,無,38,14,12,3,9,4.7,5,1,50,20,0
2025-10-01,週三,校門口,手工梳打,30.6,76,否,否,是,否,無,28,10,9,2,7,4.7,5,1,50,22,0
2025-10-01,週三,校門口,純茶,30.6,76,否,否,是,否,無,22,8,4,1,3,4.7,5,1,50,21,0
2025-10-01,週三,圖書館旁,珍珠奶茶,30.6,76,否,否,是,否,無,32,12,15,4,11,4.5,2,1,50,24,0
2025-10-01,週三,圖書館旁,芝士奶蓋,30.6,76,否,否,是,否,無,45,18,9,1,8,4.5,2,1,50,19,0
2025-10-01,週三,圖書館旁,燒仙草,30.6,76,否,否,是,否,無,38,14,7,2,5,4.5,2,1,50,21,0
2025-10-01,週三,圖書館旁,手工梳打,30.6,76,否,否,是,否,無,28,10,6,2,4,4.5,2,1,50,17,0
2025-10-01,週三,圖書館旁,純茶,30.6,76,否,否,是,否,無,22,8,1,1,0,4.5,2,1,50,23,0
2025-10-02,週四,校門口,珍珠奶茶,31.3,79,否,否,否,否,無,32,12,52,12,40,4.4,7,2,50,23,100
2025-10-02,週四,校門口,芝士奶蓋,31.3,79,否,否,否,否,無,45,18,28,7,21,4.4,7,2,50,23,100
2025-10-02,週四,校門口,燒仙草,31.3,79,否,否,否,否,無,38,14,19,4,15,4.4,7,2,50,21,80
2025-10-02,週四,校門口,手工梳打,31.3,79,否,否,否,否,無,28,10,19,3,16,4.4,7,2,50,23,60
2025-10-02,週四,校門口,純茶,31.3,79,否,否,否,否,無,22,8,4,1,3,4.4,7,2,50,18,100
2025-10-02,週四,圖書館旁,珍珠奶茶,31.3,79,否,否,否,否,無,32,12,35,7,28,4.6,3,2,50,20,80
2025-10-02,週四,圖書館旁,芝士奶蓋,31.3,79,否,否,否,否,無,45,18,19,4,15,4.6,3,2,50,19,80
2025-10-02,週四,圖書館旁,燒仙草,31.3,79,否,否,否,否,無,38,14,12,4,8,4.6,3,2,50,19,60
2025-10-02,週四,圖書館旁,手工梳打,31.3,79,否,否,否,否,無,28,10,11,2,9,4.6,3,2,50,22,80
2025-10-02,週四,圖書館旁,純茶,31.3,79,否,否,否,否,無,22,8,5,0,5,4.6,3,2,50,18,80
2025-10-03,週五,校門口,珍珠奶茶,29.8,89,是,否,否,否,無,32,12,38,15,23,4.3,5,2,100,23,100
2025-10-03,週五,校門口,芝士奶蓋,29.8,89,是,否,否,否,無,45,18,24,10,14,4.3,5,2,100,19,80
2025-10-03,週五,校門口,燒仙草,29.8,89,是,否,否,否,無,38,14,28,11,17,4.3,5,2,100,17,100
2025-10-03,週五,校門口,手工梳打,29.8,89,是,否,否,否,無,28,10,16,7,9,4.3,5,2,100,16,80
2025-10-03,週五,校門口,純茶,29.8,89,是,否,否,否,無,22,8,5,1,4,4.3,5,2,100,20,60
2025-10-03,週五,圖書館旁,珍珠奶茶,29.8,89,是,否,否,否,無,32,12,22,9,13,4.5,4,2,100,21,60
2025-10-03,週五,圖書館旁,芝士奶蓋,29.8,89,是,否,否,否,無,45,18,14,5,9,4.5,4,2,100,25,60
2025-10-03,週五,圖書館旁,燒仙草,29.8,89,是,否,否,否,無,38,14,20,8,12,4.5,4,2,100,23,100
2025-10-03,週五,圖書館旁,手工梳打,29.8,89,是,否,否,否,無,28,10,9,4,5,4.5,4,2,100,20,100
2025-10-03,週五,圖書館旁,純茶,29.8,89,是,否,否,否,無,22,8,3,1,2,4.5,4,2,100,22,80
2025-10-04,週六,校門口,珍珠奶茶,28.4,91,是,否,否,否,無,32,12,28,11,17,4.6,5,2,0,26,40
2025-10-04,週六,校門口,芝士奶蓋,28.4,91,是,否,否,否,無,45,18,14,5,9,4.6,5,2,0,29,60
2025-10-04,週六,校門口,燒仙草,28.4,91,是,否,否,否,無,38,14,26,10,16,4.6,5,2,0,25,40
2025-10-04,週六,校門口,手工梳打,28.4,91,是,否,否,否,無,28,10,7,3,4,4.6,5,2,0,28,60
2025-10-04,週六,校門口,純茶,28.4,91,是,否,否,否,無,22,8,2,1,1,4.6,5,2,0,32,60
2025-10-04,週六,圖書館旁,珍珠奶茶,28.4,91,是,否,否,否,無,32,12,19,7,12,4.6,4,2,0,26,40
2025-10-04,週六,圖書館旁,芝士奶蓋,28.4,91,是,否,否,否,無,45,18,8,4,4,4.6,4,2,0,23,60
2025-10-04,週六,圖書館旁,燒仙草,28.4,91,是,否,否,否,無,38,14,13,5,8,4.6,4,2,0,27,60
2025-10-04,週六,圖書館旁,手工梳打,28.4,91,是,否,否,否,無,28,10,7,3,4,4.6,4,2,0,27,40
2025-10-04,週六,圖書館旁,純茶,28.4,91,是,否,否,否,無,22,8,2,1,1,4.6,4,2,0,32,60
2025-10-05,週日,校門口,珍珠奶茶,30.1,79,否,否,否,否,無,32,12,34,5,29,4.7,4,2,0,24,60
2025-10-05,週日,校門口,芝士奶蓋,30.1,79,否,否,否,否,無,45,18,20,3,17,4.7,4,2,0,29,60
2025-10-05,週日,校門口,燒仙草,30.1,79,否,否,否,否,無,38,14,15,2,13,4.7,4,2,0,27,60
2025-10-05,週日,校門口,手工梳打,30.1,79,否,否,否,否,無,28,10,13,2,11,4.7,4,2,0,29,40
2025-10-05,週日,校門口,純茶,30.1,79,否,否,否,否,無,22,8,1,0,1,4.7,4,2,0,27,40
2025-10-05,週日,圖書館旁,珍珠奶茶,30.1,79,否,否,否,否,無,32,12,23,4,19,4.4,5,2,0,23,40
2025-10-05,週日,圖書館旁,芝士奶蓋,30.1,79,否,否,否,否,無,45,18,11,2,9,4.4,5,2,0,27,40
2025-10-05,週日,圖書館旁,燒仙草,30.1,79,否,否,否,否,無,38,14,11,2,9,4.4,5,2,0,32,60
2025-10-05,週日,圖書館旁,手工梳打,30.1,79,否,否,否,否,無,28,10,8,1,7,4.4,5,2,0,24,60
2025-10-05,週日,圖書館旁,純茶,30.1,79,否,否,否,否,無,22,8,2,1,1,4.4,5,2,0,25,40
2025-10-06,週一,校門口,珍珠奶茶,32.5,72,否,否,是,否,無,32,12,26,5,21,4.4,6,1,0,18,0
2025-10-06,週一,校門口,芝士奶蓋,32.5,72,否,否,是,否,無,45,18,13,4,9,4.4,6,1,0,18,0
2025-10-06,週一,校門口,燒仙草,32.5,72,否,否,是,否,無,38,14,10,2,8,4.4,6,1,0,16,0
2025-10-06,週一,校門口,手工梳打,32.5,72,否,否,是,否,無,28,10,10,2,8,4.4,6,1,0,24,0
2025-10-06,週一,校門口,純茶,32.5,72,否,否,是,否,無,22,8,2,0,2,4.4,6,1,0,22,0
2025-10-06,週一,圖書館旁,珍珠奶茶,32.5,72,否,否,是,否,無,32,12,15,2,13,4.4,5,1,0,20,0
2025-10-06,週一,圖書館旁,芝士奶蓋,32.5,72,否,否,是,否,無,45,18,10,3,7,4.4,5,1,0,22,0
2025-10-06,週一,圖書館旁,燒仙草,32.5,72,否,否,是,否,無,38,14,7,2,5,4.4,5,1,0,23,0
2025-10-06,週一,圖書館旁,手工梳打,32.5,72,否,否,是,否,無,28,10,5,0,5,4.4,5,1,0,17,0
2025-10-06,週一,圖書館旁,純茶,32.5,72,否,否,是,否,無,22,8,1,1,0,4.4,5,1,0,15,0
2025-10-07,週二,校門口,珍珠奶茶,33.0,75,否,否,否,否,無,32,12,58,12,46,4.4,8,2,100,18,100
2025-10-07,週二,校門口,芝士奶蓋,33.0,75,否,否,否,否,無,45,18,30,7,23,4.4,8,2,100,23,100
2025-10-07,週二,校門口,燒仙草,33.0,75,否,否,否,否,無,38,14,15,4,11,4.4,8,2,100,21,80
2025-10-07,週二,校門口,手工梳打,33.0,75,否,否,否,否,無,28,10,19,4,15,4.4,8,2,100,16,100
2025-10-07,週二,校門口,純茶,33.0,75,否,否,否,否,無,22,8,6,1,5,4.4,8,2,100,25,80
2025-10-07,週二,圖書館旁,珍珠奶茶,33.0,75,否,否,否,否,無,32,12,37,8,29,4.7,4,2,100,18,60
2025-10-07,週二,圖書館旁,芝士奶蓋,33.0,75,否,否,否,否,無,45,18,17,4,13,4.7,4,2,100,18,100
2025-10-07,週二,圖書館旁,燒仙草,33.0,75,否,否,否,否,無,38,14,13,4,9,4.7,4,2,100,18,100
2025-10-07,週二,圖書館旁,手工梳打,33.0,75,否,否,否,否,無,28,10,14,3,11,4.7,4,2,100,21,100
2025-10-07,週二,圖書館旁,純茶,33.0,75,否,否,否,否,無,22,8,4,1,3,4.7,4,2,100,17,100
2025-10-08,週三,校門口,珍珠奶茶,31.7,74,否,否,否,否,無,32,12,55,11,44,4.5,6,3,50,15,100
2025-10-08,週三,校門口,芝士奶蓋,31.7,74,否,否,否,否,無,45,18,29,6,23,4.5,6,3,50,17,100
2025-10-08,週三,校門口,燒仙草,31.7,74,否,否,否,否,無,38,14,20,5,15,4.5,6,3,50,20,100
2025-10-08,週三,校門口,手工梳打,31.7,74,否,否,否,否,無,28,10,19,4,15,4.5,6,3,50,18,60
2025-10-08,週三,校門口,純茶,31.7,74,否,否,否,否,無,22,8,7,2,5,4.5,6,3,50,18,60
2025-10-08,週三,圖書館旁,珍珠奶茶,31.7,74,否,否,否,否,無,32,12,33,7,26,4.4,4,3,50,18,60
2025-10-08,週三,圖書館旁,芝士奶蓋,31.7,74,否,否,否,否,無,45,18,16,4,12,4.4,4,3,50,22,80
2025-10-08,週三,圖書館旁,燒仙草,31.7,74,否,否,否,否,無,38,14,15,3,12,4.4,4,3,50,19,100
2025-10-08,週三,圖書館旁,手工梳打,31.7,74,否,否,否,否,無,28,10,10,2,8,4.4,4,3,50,16,80
2025-10-08,週三,圖書館旁,純茶,31.7,74,否,否,否,否,無,22,8,2,0,2,4.4,4,3,50,18,80
2025-10-09,週四,校門口,珍珠奶茶,29.3,90,是,否,否,否,無,32,12,40,18,22,4.6,7,2,0,22,60
2025-10-09,週四,校門口,芝士奶蓋,29.3,90,是,否,否,否,無,45,18,23,10,13,4.6,7,2,0,20,80
2025-10-09,週四,校門口,燒仙草,29.3,90,是,否,否,否,無,38,14,32,13,19,4.6,7,2,0,16,80
2025-10-09,週四,校門口,手工梳打,29.3,90,是,否,否,否,無,28,10,14,7,7,4.6,7,2,0,17,80
2025-10-09,週四,校門口,純茶,29.3,90,是,否,否,否,無,22,8,3,1,2,4.6,7,2,0,21,100
2025-10-09,週四,圖書館旁,珍珠奶茶,29.3,90,是,否,否,否,無,32,12,21,8,13,4.5,4,2,0,16,80
2025-10-09,週四,圖書館旁,芝士奶蓋,29.3,90,是,否,否,否,無,45,18,14,6,8,4.5,4,2,0,19,80
2025-10-09,週四,圖書館旁,燒仙草,29.3,90,是,否,否,否,無,38,14,16,7,9,4.5,4,2,0,19,80
2025-10-09,週四,圖書館旁,手工梳打,29.3,90,是,否,否,否,無,28,10,7,3,4,4.5,4,2,0,23,80
2025-10-09,週四,圖書館旁,純茶,29.3,90,是,否,否,否,無,22,8,5,2,3,4.5,4,2,0,21,60
2025-10-10,週五,校門口,珍珠奶茶,27.8,92,是,否,否,否,無,32,12,37,16,21,4.4,6,2,50,17,100
2025-10-10,週五,校門口,芝士奶蓋,27.8,92,是,否,否,否,無,45,18,20,7,13,4.4,6,2,50,15,100
2025-10-10,週五,校門口,燒仙草,27.8,92,是,否,否,否,無,38,14,33,14,19,4.4,6,2,50,20,100
2025-10-10,週五,校門口,手工梳打,27.8,92,是,否,否,否,無,28,10,15,6,9,4.4,6,2,50,24,80
2025-10-10,週五,校門口,純茶,27.8,92,是,否,否,否,無,22,8,3,2,1,4.4,6,2,50,22,80
2025-10-10,週五,圖書館旁,珍珠奶茶,27.8,92,是,否,否,否,無,32,12,22,9,13,4.6,4,2,50,21,80
2025-10-10,週五,圖書館旁,芝士奶蓋,27.8,92,是,否,否,否,無,45,18,14,6,8,4.6,4,2,50,22,80
2025-10-10,週五,圖書館旁,燒仙草,27.8,92,是,否,否,否,無,38,14,22,10,12,4.6,4,2,50,22,100
2025-10-10,週五,圖書館旁,手工梳打,27.8,92,是,否,否,否,無,28,10,9,4,5,4.6,4,2,50,18,100
2025-10-10,週五,圖書館旁,純茶,27.8,92,是,否,否,否,無,22,8,4,2,2,4.6,4,2,50,21,100
2025-10-11,週六,校門口,珍珠奶茶,30.2,75,否,否,否,否,無,32,12,37,6,31,4.6,5,2,0,31,40
2025-10-11,週六,校門口,芝士奶蓋,30.2,75,否,否,否,否,無,45,18,17,4,13,4.6,5,2,0,24,40
2025-10-11,週六,校門口,燒仙草,30.2,75,否,否,否,否,無,38,14,17,3,14,4.6,5,2,0,27,40
2025-10-11,週六,校門口,手工梳打,30.2,75,否,否,否,否,無,28,10,12,3,9,4.6,5,2,0,32,40
2025-10-11,週六,校門口,純茶,30.2,75,否,否,否,否,無,22,8,5,1,4,4.6,5,2,0,29,60
2025-10-11,週六,圖書館旁,珍珠奶茶,30.2,75,否,否,否,否,無,32,12,20,4,16,4.5,3,2,0,26,60
2025-10-11,週六,圖書館旁,芝士奶蓋,30.2,75,否,否,否,否,無,45,18,13,3,10,4.5,3,2,0,30,60
2025-10-11,週六,圖書館旁,燒仙草,30.2,75,否,否,否,否,無,38,14,11,1,10,4.5,3,2,0,25,60
2025-10-11,週六,圖書館旁,手工梳打,30.2,75,否,否,否,否,無,28,10,6,2,4,4.5,3,2,0,26,60
2025-10-11,週六,圖書館旁,純茶,30.2,75,否,否,否,否,無,22,8,3,1,2,4.5,3,2,0,28,60
2025-10-12,週日,校門口,珍珠奶茶,31.5,75,否,否,否,否,無,32,12,38,7,31,4.7,3,2,50,31,40
2025-10-12,週日,校門口,芝士奶蓋,31.5,75,否,否,否,否,無,45,18,19,3,16,4.7,3,2,50,30,60
2025-10-12,週日,校門口,燒仙草,31.5,75,否,否,否,否,無,38,14,17,3,14,4.7,3,2,50,30,40
2025-10-12,週日,校門口,手工梳打,31.5,75,否,否,否,否,無,28,10,12,2,10,4.7,3,2,50,32,60
2025-10-12,週日,校門口,純茶,31.5,75,否,否,否,否,無,22,8,2,1,1,4.7,3,2,50,29,40
2025-10-12,週日,圖書館旁,珍珠奶茶,31.5,75,否,否,否,否,無,32,12,22,3,19,4.8,2,2,50,24,60
2025-10-12,週日,圖書館旁,芝士奶蓋,31.5,75,否,否,否,否,無,45,18,14,2,12,4.8,2,2,50,31,40
2025-10-12,週日,圖書館旁,燒仙草,31.5,75,否,否,否,否,無,38,14,12,3,9,4.8,2,2,50,25,60
2025-10-12,週日,圖書館旁,手工梳打,31.5,75,否,否,否,否,無,28,10,8,1,7,4.8,2,2,50,33,60
2025-10-12,週日,圖書館旁,純茶,31.5,75,否,否,否,否,無,22,8,1,0,1,4.8,2,2,50,31,40
2025-10-13,週一,校門口,珍珠奶茶,28.6,79,否,否,否,是,季節特飲,27,12,59,12,47,4.4,7,3,200,42,80
2025-10-13,週一,校門口,芝士奶蓋,28.6,79,否,否,否,是,季節特飲,38,18,33,7,26,4.4,7,3,200,40,80
2025-10-13,週一,校門口,燒仙草,28.6,79,否,否,否,是,季節特飲,32,14,36,7,29,4.4,7,3,200,39,60
2025-10-13,週一,校門口,手工梳打,28.6,79,否,否,否,是,季節特飲,24,10,23,5,18,4.4,7,3,200,38,100
2025-10-13,週一,校門口,純茶,28.6,79,否,否,否,是,季節特飲,19,8,6,1,5,4.4,7,3,200,42,100
2025-10-13,週一,圖書館旁,珍珠奶茶,28.6,79,否,否,否,是,季節特飲,27,12,34,7,27,4.6,3,3,200,38,80
2025-10-13,週一,圖書館旁,芝士奶蓋,28.6,79,否,否,否,是,季節特飲,38,18,21,4,17,4.6,3,3,200,36,80
2025-10-13,週一,圖書館旁,燒仙草,28.6,79,否,否,否,是,季節特飲,32,14,22,5,17,4.6,3,3,200,35,100
2025-10-13,週一,圖書館旁,手工梳打,28.6,79,否,否,否,是,季節特飲,24,10,15,4,11,4.6,3,3,200,38,60
2025-10-13,週一,圖書館旁,純茶,28.6,79,否,否,否,是,季節特飲,19,8,3,0,3,4.6,3,3,200,43,80
2025-10-14,週二,校門口,珍珠奶茶,30.9,76,否,否,否,是,季節特飲,27,12,67,16,51,4.4,7,2,200,36,100
2025-10-14,週二,校門口,芝士奶蓋,30.9,76,否,否,否,是,季節特飲,38,18,35,7,28,4.4,7,2,200,37,60
2025-10-14,週二,校門口,燒仙草,30.9,76,否,否,否,是,季節特飲,32,14,26,5,21,4.4,7,2,200,36,80
2025-10-14,週二,校門口,手工梳打,30.9,76,否,否,否,是,季節特飲,24,10,24,6,18,4.4,7,2,200,42,80
2025-10-14,週二,校門口,純茶,30.9,76,否,否,否,是,季節特飲,19,8,8,2,6,4.4,7,2,200,42,80
2025-10-14,週二,圖書館旁,珍珠奶茶,30.9,76,否,否,否,是,季節特飲,27,12,39,8,31,4.5,5,2,200,40,100
2025-10-14,週二,圖書館旁,芝士奶蓋,30.9,76,否,否,否,是,季節特飲,38,18,21,5,16,4.5,5,2,200,42,100
2025-10-14,週二,圖書館旁,燒仙草,30.9,76,否,否,否,是,季節特飲,32,14,19,5,14,4.5,5,2,200,41,100
2025-10-14,週二,圖書館旁,手工梳打,30.9,76,否,否,否,是,季節特飲,24,10,16,4,12,4.5,5,2,200,34,80
2025-10-14,週二,圖書館旁,純茶,30.9,76,否,否,否,是,季節特飲,19,8,4,1,3,4.5,5,2,200,42,60
2025-10-15,週三,校門口,珍珠奶茶,32.1,73,否,否,否,是,季節特飲,27,12,68,16,52,4.7,4,3,400,37,100
2025-10-15,週三,校門口,芝士奶蓋,32.1,73,否,否,否,是,季節特飲,38,18,35,8,27,4.7,4,3,400,34,100
2025-10-15,週三,校門口,燒仙草,32.1,73,否,否,否,是,季節特飲,32,14,24,4,20,4.7,4,3,400,34,80
2025-10-15,週三,校門口,手工梳打,32.1,73,否,否,否,是,季節特飲,24,10,24,4,20,4.7,4,3,400,38,80
2025-10-15,週三,校門口,純茶,32.1,73,否,否,否,是,季節特飲,19,8,8,2,6,4.7,4,3,400,41,100
2025-10-15,週三,圖書館旁,珍珠奶茶,32.1,73,否,否,否,是,季節特飲,27,12,43,10,33,4.6,2,3,400,38,60
2025-10-15,週三,圖書館旁,芝士奶蓋,32.1,73,否,否,否,是,季節特飲,38,18,25,5,20,4.6,2,3,400,42,60
2025-10-15,週三,圖書館旁,燒仙草,32.1,73,否,否,否,是,季節特飲,32,14,14,2,12,4.6,2,3,400,34,100
2025-10-15,週三,圖書館旁,手工梳打,32.1,73,否,否,否,是,季節特飲,24,10,17,4,13,4.6,2,3,400,37,80
2025-10-15,週三,圖書館旁,純茶,32.1,73,否,否,否,是,季節特飲,19,8,4,2,2,4.6,2,3,400,37,60
2025-10-16,週四,校門口,珍珠奶茶,27.5,91,是,否,否,是,季節特飲,27,12,42,19,23,4.9,3,3,400,37,60
2025-10-16,週四,校門口,芝士奶蓋,27.5,91,是,否,否,是,季節特飲,38,18,26,10,16,4.9,3,3,400,33,60
2025-10-16,週四,校門口,燒仙草,27.5,91,是,否,否,是,季節特飲,32,14,47,20,27,4.9,3,3,400,40,80
2025-10-16,週四,校門口,手工梳打,27.5,91,是,否,否,是,季節特飲,24,10,17,8,9,4.9,3,3,400,35,80
2025-10-16,週四,校門口,純茶,27.5,91,是,否,否,是,季節特飲,19,8,4,1,3,4.9,3,3,400,42,60
2025-10-16,週四,圖書館旁,珍珠奶茶,27.5,91,是,否,否,是,季節特飲,27,12,28,13,15,4.9,2,3,400,42,60
2025-10-16,週四,圖書館旁,芝士奶蓋,27.5,91,是,否,否,是,季節特飲,38,18,14,5,9,4.9,2,3,400,33,100
2025-10-16,週四,圖書館旁,燒仙草,27.5,91,是,否,否,是,季節特飲,32,14,28,13,15,4.9,2,3,400,35,60
2025-10-16,週四,圖書館旁,手工梳打,27.5,91,是,否,否,是,季節特飲,24,10,10,4,6,4.9,2,3,400,35,60
2025-10-16,週四,圖書館旁,純茶,27.5,91,是,否,否,是,季節特飲,19,8,2,2,0,4.9,2,3,400,35,100
2025-10-17,週五,校門口,珍珠奶茶,26.8,91,是,否,否,是,季節特飲,27,12,40,18,22,4.7,6,3,400,43,100
2025-10-17,週五,校門口,芝士奶蓋,26.8,91,是,否,否,是,季節特飲,38,18,23,9,14,4.7,6,3,400,34,100
2025-10-17,週五,校門口,燒仙草,26.8,91,是,否,否,是,季節特飲,32,14,48,21,27,4.7,6,3,400,39,80
2025-10-17,週五,校門口,手工梳打,26.8,91,是,否,否,是,季節特飲,24,10,16,6,10,4.7,6,3,400,36,100
2025-10-17,週五,校門口,純茶,26.8,91,是,否,否,是,季節特飲,19,8,6,3,3,4.7,6,3,400,36,80
2025-10-17,週五,圖書館旁,珍珠奶茶,26.8,91,是,否,否,是,季節特飲,27,12,24,10,14,4.7,3,3,400,35,60
2025-10-17,週五,圖書館旁,芝士奶蓋,26.8,91,是,否,否,是,季節特飲,38,18,14,6,8,4.7,3,3,400,41,60
2025-10-17,週五,圖書館旁,燒仙草,26.8,91,是,否,否,是,季節特飲,32,14,29,13,16,4.7,3,3,400,39,60
2025-10-17,週五,圖書館旁,手工梳打,26.8,91,是,否,否,是,季節特飲,24,10,9,3,6,4.7,3,3,400,36,60
2025-10-17,週五,圖書館旁,純茶,26.8,91,是,否,否,是,季節特飲,19,8,6,3,3,4.7,3,3,400,34,100
2025-10-18,週六,校門口,珍珠奶茶,29.4,80,否,否,否,否,無,32,12,32,5,27,4.4,8,1,50,31,40
2025-10-18,週六,校門口,芝士奶蓋,29.4,80,否,否,否,否,無,45,18,19,4,15,4.4,8,1,50,26,40
2025-10-18,週六,校門口,燒仙草,29.4,80,否,否,否,否,無,38,14,17,2,15,4.4,8,1,50,30,60
2025-10-18,週六,校門口,手工梳打,29.4,80,否,否,否,否,無,28,10,14,3,11,4.4,8,1,50,30,60
2025-10-18,週六,校門口,純茶,29.4,80,否,否,否,否,無,22,8,6,1,5,4.4,8,1,50,31,60
2025-10-18,週六,圖書館旁,珍珠奶茶,29.4,80,否,否,否,否,無,32,12,20,3,17,4.6,5,1,50,32,60
2025-10-18,週六,圖書館旁,芝士奶蓋,29.4,80,否,否,否,否,無,45,18,10,3,7,4.6,5,1,50,28,60
2025-10-18,週六,圖書館旁,燒仙草,29.4,80,否,否,否,否,無,38,14,13,2,11,4.6,5,1,50,27,40
2025-10-18,週六,圖書館旁,手工梳打,29.4,80,否,否,否,否,無,28,10,9,1,8,4.6,5,1,50,29,60
2025-10-18,週六,圖書館旁,純茶,29.4,80,否,否,否,否,無,22,8,1,0,1,4.6,5,1,50,25,40
2025-10-19,週日,校門口,珍珠奶茶,28.1,89,是,否,否,否,無,32,12,27,10,17,4.5,5,2,50,28,60
2025-10-19,週日,校門口,芝士奶蓋,28.1,89,是,否,否,否,無,45,18,13,5,8,4.5,5,2,50,28,40
2025-10-19,週日,校門口,燒仙草,28.1,89,是,否,否,否,無,38,14,24,10,14,4.5,5,2,50,24,40
2025-10-19,週日,校門口,手工梳打,28.1,89,是,否,否,否,無,28,10,11,4,7,4.5,5,2,50,31,40
2025-10-19,週日,校門口,純茶,28.1,89,是,否,否,否,無,22,8,1,0,1,4.5,5,2,50,25,60
2025-10-19,週日,圖書館旁,珍珠奶茶,28.1,89,是,否,否,否,無,32,12,17,7,10,4.7,2,2,50,28,60
2025-10-19,週日,圖書館旁,芝士奶蓋,28.1,89,是,否,否,否,無,45,18,7,3,4,4.7,2,2,50,27,40
2025-10-19,週日,圖書館旁,燒仙草,28.1,89,是,否,否,否,無,38,14,15,5,10,4.7,2,2,50,33,40
2025-10-19,週日,圖書館旁,手工梳打,28.1,89,是,否,否,否,無,28,10,6,3,3,4.7,2,2,50,27,40
2025-10-19,週日,圖書館旁,純茶,28.1,89,是,否,否,否,無,22,8,1,0,1,4.7,2,2,50,24,40
2025-10-20,週一,校門口,珍珠奶茶,30.7,78,否,否,否,否,無,32,12,50,11,39,4.5,5,2,50,21,100
2025-10-20,週一,校門口,芝士奶蓋,30.7,78,否,否,否,否,無,45,18,26,6,20,4.5,5,2,50,23,100
2025-10-20,週一,校門口,燒仙草,30.7,78,否,否,否,否,無,38,14,25,6,19,4.5,5,2,50,15,80
2025-10-20,週一,校門口,手工梳打,30.7,78,否,否,否,否,無,28,10,17,4,13,4.5,5,2,50,16,60
2025-10-20,週一,校門口,純茶,30.7,78,否,否,否,否,無,22,8,6,0,6,4.5,5,2,50,23,100
2025-10-20,週一,圖書館旁,珍珠奶茶,30.7,78,否,否,否,否,無,32,12,33,6,27,4.5,5,2,50,20,60
2025-10-20,週一,圖書館旁,芝士奶蓋,30.7,78,否,否,否,否,無,45,18,15,4,11,4.5,5,2,50,22,100
2025-10-20,週一,圖書館旁,燒仙草,30.7,78,否,否,否,否,無,38,14,14,2,12,4.5,5,2,50,16,80
2025-10-20,週一,圖書館旁,手工梳打,30.7,78,否,否,否,否,無,28,10,13,3,10,4.5,5,2,50,15,80
2025-10-20,週一,圖書館旁,純茶,30.7,78,否,否,否,否,無,22,8,1,0,1,4.5,5,2,50,16,100
2025-10-21,週二,校門口,珍珠奶茶,25.3,94,是,否,否,否,無,32,12,31,13,18,4.4,4,2,50,24,80
2025-10-21,週二,校門口,芝士奶蓋,25.3,94,是,否,否,否,無,45,18,18,8,10,4.4,4,2,50,23,100
2025-10-21,週二,校門口,燒仙草,25.3,94,是,否,否,否,無,38,14,42,18,24,4.4,4,2,50,25,60
2025-10-21,週二,校門口,手工梳打,25.3,94,是,否,否,否,無,28,10,10,4,6,4.4,4,2,50,16,100
2025-10-21,週二,校門口,純茶,25.3,94,是,否,否,否,無,22,8,5,3,2,4.4,4,2,50,19,80
2025-10-21,週二,圖書館旁,珍珠奶茶,25.3,94,是,否,否,否,無,32,12,21,9,12,4.6,2,2,50,19,80
2025-10-21,週二,圖書館旁,芝士奶蓋,25.3,94,是,否,否,否,無,45,18,11,5,6,4.6,2,2,50,22,60
2025-10-21,週二,圖書館旁,燒仙草,25.3,94,是,否,否,否,無,38,14,26,11,15,4.6,2,2,50,17,60
2025-10-21,週二,圖書館旁,手工梳打,25.3,94,是,否,否,否,無,28,10,5,1,4,4.6,2,2,50,22,100
2025-10-21,週二,圖書館旁,純茶,25.3,94,是,否,否,否,無,22,8,1,0,1,4.6,2,2,50,19,60
2025-10-22,週三,校門口,珍珠奶茶,27.6,77,否,否,否,否,無,32,12,40,8,32,4.4,5,2,100,19,100
2025-10-22,週三,校門口,芝士奶蓋,27.6,77,否,否,否,否,無,45,18,24,4,20,4.4,5,2,100,16,100
2025-10-22,週三,校門口,燒仙草,27.6,77,否,否,否,否,無,38,14,27,6,21,4.4,5,2,100,18,80
2025-10-22,週三,校門口,手工梳打,27.6,77,否,否,否,否,無,28,10,13,3,10,4.4,5,2,100,23,100
2025-10-22,週三,校門口,純茶,27.6,77,否,否,否,否,無,22,8,7,2,5,4.4,5,2,100,25,100
2025-10-22,週三,圖書館旁,珍珠奶茶,27.6,77,否,否,否,否,無,32,12,25,5,20,4.6,4,2,100,18,60
2025-10-22,週三,圖書館旁,芝士奶蓋,27.6,77,否,否,否,否,無,45,18,13,3,10,4.6,4,2,100,19,80
2025-10-22,週三,圖書館旁,燒仙草,27.6,77,否,否,否,否,無,38,14,20,4,16,4.6,4,2,100,24,100
2025-10-22,週三,圖書館旁,手工梳打,27.6,77,否,否,否,否,無,28,10,10,2,8,4.6,4,2,100,17,60
2025-10-22,週三,圖書館旁,純茶,27.6,77,否,否,否,否,無,22,8,1,0,1,4.6,4,2,100,19,100
2025-10-23,週四,校門口,珍珠奶茶,29.2,77,否,否,否,否,無,32,12,49,12,37,4.6,5,2,100,16,80
2025-10-23,週四,校門口,芝士奶蓋,29.2,77,否,否,否,否,無,45,18,26,6,20,4.6,5,2,100,20,60
2025-10-23,週四,校門口,燒仙草,29.2,77,否,否,否,否,無,38,14,28,7,21,4.6,5,2,100,18,100
2025-10-23,週四,校門口,手工梳打,29.2,77,否,否,否,否,無,28,10,18,5,13,4.6,5,2,100,23,80
2025-10-23,週四,校門口,純茶,29.2,77,否,否,否,否,無,22,8,4,2,2,4.6,5,2,100,19,60
2025-10-23,週四,圖書館旁,珍珠奶茶,29.2,77,否,否,否,否,無,32,12,31,6,25,4.3,6,2,100,23,60
2025-10-23,週四,圖書館旁,芝士奶蓋,29.2,77,否,否,否,否,無,45,18,18,4,14,4.3,6,2,100,22,80
2025-10-23,週四,圖書館旁,燒仙草,29.2,77,否,否,否,否,無,38,14,17,4,13,4.3,6,2,100,16,80
2025-10-23,週四,圖書館旁,手工梳打,29.2,77,否,否,否,否,無,28,10,11,2,9,4.3,6,2,100,18,80
2025-10-23,週四,圖書館旁,純茶,29.2,77,否,否,否,否,無,22,8,4,1,3,4.3,6,2,100,23,60
2025-10-24,週五,校門口,珍珠奶茶,28.8,78,否,否,否,否,無,32,12,48,11,37,4.6,4,3,100,19,60
2025-10-24,週五,校門口,芝士奶蓋,28.8,78,否,否,否,否,無,45,18,27,6,21,4.6,4,3,100,24,100
2025-10-24,週五,校門口,燒仙草,28.8,78,否,否,否,否,無,38,14,27,7,20,4.6,4,3,100,16,60
2025-10-24,週五,校門口,手工梳打,28.8,78,否,否,否,否,無,28,10,17,3,14,4.6,4,3,100,21,60
2025-10-24,週五,校門口,純茶,28.8,78,否,否,否,否,無,22,8,5,1,4,4.6,4,3,100,21,80
2025-10-24,週五,圖書館旁,珍珠奶茶,28.8,78,否,否,否,否,無,32,12,26,5,21,4.5,5,3,100,20,100
2025-10-24,週五,圖書館旁,芝士奶蓋,28.8,78,否,否,否,否,無,45,18,16,4,12,4.5,5,3,100,17,80
2025-10-24,週五,圖書館旁,燒仙草,28.8,78,否,否,否,否,無,38,14,16,4,12,4.5,5,3,100,21,100
2025-10-24,週五,圖書館旁,手工梳打,28.8,78,否,否,否,否,無,28,10,9,3,6,4.5,5,3,100,20,80
2025-10-24,週五,圖書館旁,純茶,28.8,78,否,否,否,否,無,22,8,3,2,1,4.5,5,3,100,16,100
2025-10-25,週六,校門口,珍珠奶茶,30.4,75,否,否,否,否,無,32,12,36,6,30,4.4,4,2,50,27,60
2025-10-25,週六,校門口,芝士奶蓋,30.4,75,否,否,否,否,無,45,18,18,3,15,4.4,4,2,50,31,40
2025-10-25,週六,校門口,燒仙草,30.4,75,否,否,否,否,無,38,14,14,2,12,4.4,4,2,50,24,40
2025-10-25,週六,校門口,手工梳打,30.4,75,否,否,否,否,無,28,10,15,3,12,4.4,4,2,50,28,40
2025-10-25,週六,校門口,純茶,30.4,75,否,否,否,否,無,22,8,3,0,3,4.4,4,2,50,28,60
2025-10-25,週六,圖書館旁,珍珠奶茶,30.4,75,否,否,否,否,無,32,12,23,4,19,4.5,3,2,50,30,40
2025-10-25,週六,圖書館旁,芝士奶蓋,30.4,75,否,否,否,否,無,45,18,12,2,10,4.5,3,2,50,23,40
2025-10-25,週六,圖書館旁,燒仙草,30.4,75,否,否,否,否,無,38,14,9,2,7,4.5,3,2,50,31,40
2025-10-25,週六,圖書館旁,手工梳打,30.4,75,否,否,否,否,無,28,10,8,2,6,4.5,3,2,50,28,60
2025-10-25,週六,圖書館旁,純茶,30.4,75,否,否,否,否,無,22,8,1,0,1,4.5,3,2,50,26,60
2025-10-26,週日,校門口,珍珠奶茶,24.1,93,是,否,否,否,無,32,12,18,7,11,4.6,4,2,100,29,60
2025-10-26,週日,校門口,芝士奶蓋,24.1,93,是,否,否,否,無,45,18,15,6,9,4.6,4,2,100,30,60
2025-10-26,週日,校門口,燒仙草,24.1,93,是,否,否,否,無,38,14,30,11,19,4.6,4,2,100,25,40
2025-10-26,週日,校門口,手工梳打,24.1,93,是,否,否,否,無,28,10,8,3,5,4.6,4,2,100,24,60
2025-10-26,週日,校門口,純茶,24.1,93,是,否,否,否,無,22,8,2,1,1,4.6,4,2,100,28,40
2025-10-26,週日,圖書館旁,珍珠奶茶,24.1,93,是,否,否,否,無,32,12,10,3,7,4.6,3,2,100,28,40
2025-10-26,週日,圖書館旁,芝士奶蓋,24.1,93,是,否,否,否,無,45,18,10,5,5,4.6,3,2,100,28,40
2025-10-26,週日,圖書館旁,燒仙草,24.1,93,是,否,否,否,無,38,14,21,9,12,4.6,3,2,100,28,60
2025-10-26,週日,圖書館旁,手工梳打,24.1,93,是,否,否,否,無,28,10,4,1,3,4.6,3,2,100,30,60
2025-10-26,週日,圖書館旁,純茶,24.1,93,是,否,否,否,無,22,8,2,0,2,4.6,3,2,100,23,40
2025-10-27,週一,校門口,珍珠奶茶,25.9,90,是,否,否,否,無,32,12,31,14,17,4.4,5,2,0,23,100
2025-10-27,週一,校門口,芝士奶蓋,25.9,90,是,否,否,否,無,45,18,19,8,11,4.4,5,2,0,18,100
2025-10-27,週一,校門口,燒仙草,25.9,90,是,否,否,否,無,38,14,41,17,24,4.4,5,2,0,23,60
2025-10-27,週一,校門口,手工梳打,25.9,90,是,否,否,否,無,28,10,13,5,8,4.4,5,2,0,17,80
2025-10-27,週一,校門口,純茶,25.9,90,是,否,否,否,無,22,8,2,2,0,4.4,5,2,0,23,80
2025-10-27,週一,圖書館旁,珍珠奶茶,25.9,90,是,否,否,否,無,32,12,18,8,10,4.3,5,2,0,16,60
2025-10-27,週一,圖書館旁,芝士奶蓋,25.9,90,是,否,否,否,無,45,18,13,5,8,4.3,5,2,0,23,100
2025-10-27,週一,圖書館旁,燒仙草,25.9,90,是,否,否,否,無,38,14,25,11,14,4.3,5,2,0,21,80
2025-10-27,週一,圖書館旁,手工梳打,25.9,90,是,否,否,否,無,28,10,6,2,4,4.3,5,2,0,17,60
2025-10-27,週一,圖書館旁,純茶,25.9,90,是,否,否,否,無,22,8,4,2,2,4.3,5,2,0,20,100
2025-10-28,週二,校門口,珍珠奶茶,27.4,80,否,否,否,否,無,32,12,44,11,33,4.4,5,2,50,22,60
2025-10-28,週二,校門口,芝士奶蓋,27.4,80,否,否,否,否,無,45,18,22,5,17,4.4,5,2,50,19,60
2025-10-28,週二,校門口,燒仙草,27.4,80,否,否,否,否,無,38,14,32,8,24,4.4,5,2,50,16,60
2025-10-28,週二,校門口,手工梳打,27.4,80,否,否,否,否,無,28,10,14,4,10,4.4,5,2,50,23,100
2025-10-28,週二,校門口,純茶,27.4,80,否,否,否,否,無,22,8,4,0,4,4.4,5,2,50,21,100
2025-10-28,週二,圖書館旁,珍珠奶茶,27.4,80,否,否,否,否,無,32,12,27,7,20,4.6,3,2,50,16,100
2025-10-28,週二,圖書館旁,芝士奶蓋,27.4,80,否,否,否,否,無,45,18,16,4,12,4.6,3,2,50,24,80
2025-10-28,週二,圖書館旁,燒仙草,27.4,80,否,否,否,否,無,38,14,21,4,17,4.6,3,2,50,15,100
2025-10-28,週二,圖書館旁,手工梳打,27.4,80,否,否,否,否,無,28,10,8,3,5,4.6,3,2,50,21,100
2025-10-28,週二,圖書館旁,純茶,27.4,80,否,否,否,否,無,22,8,2,0,2,4.6,3,2,50,20,60
2025-10-29,週三,校門口,珍珠奶茶,29.6,81,否,否,是,否,無,32,12,20,4,16,4.4,5,1,0,16,0
2025-10-29,週三,校門口,芝士奶蓋,29.6,81,否,否,是,否,無,45,18,14,4,10,4.4,5,1,0,24,0
2025-10-29,週三,校門口,燒仙草,29.6,81,否,否,是,否,無,38,14,13,2,11,4.4,5,1,0,21,0
2025-10-29,週三,校門口,手工梳打,29.6,81,否,否,是,否,無,28,10,9,1,8,4.4,5,1,0,24,0
2025-10-29,週三,校門口,純茶,29.6,81,否,否,是,否,無,22,8,1,0,1,4.4,5,1,0,25,0
2025-10-29,週三,圖書館旁,珍珠奶茶,29.6,81,否,否,是,否,無,32,12,15,4,11,4.8,3,1,0,18,0
2025-10-29,週三,圖書館旁,芝士奶蓋,29.6,81,否,否,是,否,無,45,18,9,3,6,4.8,3,1,0,16,0
2025-10-29,週三,圖書館旁,燒仙草,29.6,81,否,否,是,否,無,38,14,6,0,6,4.8,3,1,0,22,0
2025-10-29,週三,圖書館旁,手工梳打,29.6,81,否,否,是,否,無,28,10,6,0,6,4.8,3,1,0,21,0
2025-10-29,週三,圖書館旁,純茶,29.6,81,否,否,是,否,無,22,8,3,1,2,4.8,3,1,0,19,0
2025-10-30,週四,校門口,珍珠奶茶,31.2,74,否,否,否,否,無,32,12,53,12,41,4.3,5,2,0,19,60
2025-10-30,週四,校門口,芝士奶蓋,31.2,74,否,否,否,否,無,45,18,29,7,22,4.3,5,2,0,25,80
2025-10-30,週四,校門口,燒仙草,31.2,74,否,否,否,否,無,38,14,22,5,17,4.3,5,2,0,17,60
2025-10-30,週四,校門口,手工梳打,31.2,74,否,否,否,否,無,28,10,19,3,16,4.3,5,2,0,18,80
2025-10-30,週四,校門口,純茶,31.2,74,否,否,否,否,無,22,8,3,1,2,4.3,5,2,0,23,60
2025-10-30,週四,圖書館旁,珍珠奶茶,31.2,74,否,否,否,否,無,32,12,30,7,23,4.6,5,2,0,21,60
2025-10-30,週四,圖書館旁,芝士奶蓋,31.2,74,否,否,否,否,無,45,18,17,4,13,4.6,5,2,0,21,60
2025-10-30,週四,圖書館旁,燒仙草,31.2,74,否,否,否,否,無,38,14,15,4,11,4.6,5,2,0,19,60
2025-10-30,週四,圖書館旁,手工梳打,31.2,74,否,否,否,否,無,28,10,9,1,8,4.6,5,2,0,23,100
2025-10-30,週四,圖書館旁,純茶,31.2,74,否,否,否,否,無,22,8,4,1,3,4.6,5,2,0,19,60
2025-10-31,週五,校門口,珍珠奶茶,26.3,79,否,否,否,否,無,32,12,40,8,32,4.6,3,3,0,24,60
2025-10-31,週五,校門口,芝士奶蓋,26.3,79,否,否,否,否,無,45,18,25,6,19,4.6,3,3,0,18,100
2025-10-31,週五,校門口,燒仙草,26.3,79,否,否,否,否,無,38,14,33,7,26,4.6,3,3,0,19,100
2025-10-31,週五,校門口,手工梳打,26.3,79,否,否,否,否,無,28,10,13,4,9,4.6,3,3,0,25,80
2025-10-31,週五,校門口,純茶,26.3,79,否,否,否,否,無,22,8,4,0,4,4.6,3,3,0,21,60
2025-10-31,週五,圖書館旁,珍珠奶茶,26.3,79,否,否,否,否,無,32,12,26,7,19,4.8,3,3,0,16,100
2025-10-31,週五,圖書館旁,芝士奶蓋,26.3,79,否,否,否,否,無,45,18,14,3,11,4.8,3,3,0,17,80
2025-10-31,週五,圖書館旁,燒仙草,26.3,79,否,否,否,否,無,38,14,22,5,17,4.8,3,3,0,15,60
2025-10-31,週五,圖書館旁,手工梳打,26.3,79,否,否,否,否,無,28,10,7,1,6,4.8,3,3,0,24,80
2025-10-31,週五,圖書館旁,純茶,26.3,79,否,否,否,否,無,22,8,3,1,2,4.8,3,3,0,20,80
